name,proto,anim,tang,gender,possessable,posr,unique,count,size,tags,precomp,complements,inflections,prohibitions,disabled
Nile,river,,,,,,1,FALSE,,,,,,,
Outback,forest,,,,,,1,FALSE,10,,,,,,
apocalypse,,0,1,,0,,1,FALSE,,event,,,,,
North,,0,1,,0,,1,FALSE,,place,,,,,
Taj Mahal,,0,2,,0,,1,FALSE,8,building,,,,,
Canuck,,3,1,,0,,1,TRUE,,-,,,,number:sg,
Loch Ness monster,dog,,,,,,1,,7,waterAnimal,,,,,
Jack,,3,2,m,0,,2,FALSE,6,"person, firstname",(10 TITLE{unpack:noun.tags-gender}),,,,
Sally,,3,2,f,0,,2,FALSE,6,"person, firstname",(10 TITLE{unpack:noun.tags-gender}),,,,
Pope,Jack,,,,,,1,,,,,,,,
Popemobile,car,,,,,,1,,,,,,,,
Sahara Desert,Outback,,,,,,1,,,,,,,,
Christmas,,0,0,,0,,2,FALSE,,event,,,,,
dancing,,0,0,,0,,2,FALSE,,activity,,,,,
Fido,dog,,,m,0,,2,FALSE,,,,,,,
city,,0,1,,2,tags: person,0,TRUE,9,city,,,,,
town,city,,,,,,,,,,,,,,
village,city,,,,,,,,,,,,,,
neighborhood,city,,,,,,,,,,,,,,
ghetto,city,,,,,,,,,,,,,,
country,,0,1,,2,tags: person,0,TRUE,11,country,,,,,
province,country,,,,,,,,,,,,,,
state,country,,,,,,,,,,,,,,
Japan,country,,,,0,,2,FALSE,,,,,,,
London,city,,,,0,,2,FALSE,,,,,,,
The Iliad,,0,0,,0,,2,FALSE,0,readable,,,,,
Stonehenge,Taj Mahal,,,,,,2,,,"structure, -",,,,,
Buckingham Palace,Taj Mahal,,,,,,2,,,,,,,,
vibration.1,vibration,,,,,,,FALSE,,,,,,,
work.1,task,,,,,,,FALSE,,,,,,,
cattle,,2,2,,4,,0,0.5,6,collective,,,pl:cattle,number:sg,
Alp,Outback,,,,,,,TRUE,,,,,,number:sg,
coin,,0,2,,4,,0,TRUE,3,artifact,,,,,
disaster,,0,0,,1,,0,TRUE,0,happening,,,,,
situation,,0,0,,4,,0,TRUE,0,situation,,,,,
crisis,situation,,,,1,,,TRUE,,,,,pl:crises,,
problem,,0,0,,6,,0,TRUE,0,difficulty,,,,,
question,,0,0,,6,,0,TRUE,0,"difficulty,information,speechAct",,(40 about NP),,,
task,,0,0,,6,,0,TRUE,0,"difficulty,undertaking",,,,,
journey,,0,0,,4,,0,TRUE,0,"undertaking,accomplishment",,,,,
vibration,,0,0,,3,,0,TRUE,0,"behaviour,feelable,phenomenon",,,,,
strategy,,0,0,,6,,0,TRUE,0,procedure,,(25 for GP),,,
forest,,0,1,,1,,0,TRUE,9,terrain,,,,,
apple,,0,2,,4,,0,TRUE,4,food,,,,,
life,,0,0,,0,,0,FALSE,0,property,,,pl:lives,"def:def,quantified:true",
color.1,color,,,,,,,FALSE,,,,,,,
dirt,,0,2,,3,,0,FALSE,0,"aggregate, semisolid",,,,,
garbage,,0,2,,3,,0,FALSE,0,aggregate,,,,,
light,,0,1,,0,,2,FALSE,0,energy,,,,,
sky,,0,1,,0,,1,FALSE,0,"thing, volume, elevated",,,,,
truth,,0,0,,0,,1,FALSE,0,concept,,,,,
weather,,0,1,,0,,1,FALSE,0,weather,,,,,
wind,,0,1,,1,,0,FALSE,0,"phenomenon, visible",,,,,
fact,,0,0,,0,,0,TRUE,0,information,,,,case:nom,
arm,,0,2,,8,,0,TRUE,5,breakable,,,,,
bicycle,,0,2,,5,,0,TRUE,5,"hasHeight, nonMotorVehicle",,,,,
carpet,,0,2,,1,,0,TRUE,7,"rideable, artifact, surface, grounded",,,,,
category,,0,0,,3,,0,TRUE,0,-,,,,,
color,,0,1,,2,,0,TRUE,0,"property,PHYSICAL",,,,,
party,,0,0,,0,,0,TRUE,0,occasion,,,,,
dinner,party,,,,,,,,,,,,,,
potluck,party,,,,,,,,,,,,,,
BBQ,party,,,,,,,,,,,,,,
concert,party,,,,,,,,,performance,,,,,
funeral,party,,,,,,,,,,,,,,
meeting,party,,,,,,,,,,,,,,
intervention,party,,,,,,,,,,,,,,
Bible study,party,,,,,,,,,,,,,,
bake sale,party,,,,,,,,,,,,,,
farmer's market,party,,,,,,,,,,,,,,
beauty pageant,concert,,,,,,,,,,,,,,
dog,,2,2,,3,,0,TRUE,5,beast,,,,,
ghost,,3,1,,2,,0,TRUE,5,-,,,,,
house,,0,2,,5,,0,TRUE,8,building,,,,,
building,house,,,,3,,,,,,,,,,
church,house,,,,4,tags: organization|city,,,,,,,,,
temple,church,,,,,,,,,,,,,,
prison,house,,,,4,tags: city,,,,,,,,,
school,house,,,,4,tags: city|person,,,,,,,,,
store,house,,,,1,,,,,,,,,,
museum,house,,,,1,,,,,,,,,,
library,house,,,,0,,,,,,,,,,
gym,house,,,,1,,,,,,,,,,
tower,house,,,,2,,,,,,,,,,
airport,house,,,,0,,,,,,,,,,
barn,house,,,,3,,,,,,,,,,
factory,house,,,,2,,,,,,,,,,
restaurant,house,,,,1,,,,,,,,,,
mall,house,,,,0,,,,,,,,,,
theatre,house,,,,0,,,,,,,,,,
laboratory,house,,,,2,,,,,,,,,,
warehouse,house,,,,0,,,,,,,,,,
bunker,house,,,,,,,,,grounded,,,,,
station,house,,,,0,,,,,,,,,,
human,,3,2,,2,,0,TRUE,6,"hasHeight, person, mobile",,,,,
idea,,0,0,,4,,0,TRUE,0,cognition,,,,,
law,,0,0,,2,,0,TRUE,0,readable,,,,,
letter,,0,2,,4,,0,TRUE,4,readable,,(30 about NP),,,
life.1,life,,,,6,number:noun.number,,TRUE,,"event,-",,,,,
light1,light,,2,,1,,,TRUE,4,"device,-",,,,,
machine,,1,2,,4,,0,TRUE,"4,5,6,7",machine,,,,,
pile,,0,2,,3,,0,TRUE,"4,5,6,7,8","incline, volume",,(80 of N{(tags: item; (number:pl | count:false); anim:<2; unique:0; size:<noun.size | tags:substance&!fluid;) } ),,,
poison,,0,2,,2,,0,TRUE,4,substance,,,,,
rock,,0,2,,3,,0,TRUE,"4,5,6,7","breakable, object",,,,,
sensation,,0,1,,1,,0,TRUE,0,"stimulus, feelable",,,,,
snowman,,"0,3",2,,2,,0,TRUE,6,"object, hasHeight",,,pl:snowmen,,
statement,,0,1,,4,,0,TRUE,0,"readable,audible,information",,,,,
prophecy,statement,,,,,,,,,,,,,,
storm,,0,1,,1,,0,TRUE,9,"weather, event, obstacle",,,,,
team,,3,1,,3,,0,TRUE,0,organization,,(20 of N{number:pl;anim:>1;person:3;tags:!collective}),,,
team1,team,,,,,,,,,,DP{tags:game},--,,,
tendency,,0,0,,7,,0,TRUE,0,tendency,,(40 INF_PHRASE   | 25 toward GP),,,
toy,,0,2,,3,,0,TRUE,4,device,,,,,
uncle,father,,,,,,,TRUE,,-,,,,,
zombie,,2,2,,3,,0,TRUE,6,"hasHeight, creature, mobile",,,,,
tendency1,tendency,,,,0,,,,,,,of INF_CLAUSE,,--,
citizen.1,citizen,,,,0,,,,,,,,,--,
winner,human,,,,0,tags:contest,,,,,,,,def:indef,
staff,choir,,,,,,,,,,,,,"number:pl,def:indef",
fact1,fact,,,,,,,,,,,(80 that CLAUSE),,"number:pl,def:indef,case:nom",
citizen,human,,,,7,tags:territory,,,,,,,,number:sg,
_unicorn,dog,,,,,,,,"6,7",,,,,,
Abe Lincoln,Batman,,,,,,,,,,,,,,
airplane,machine,,,,,,,,,"airVehicle, passengerVehicle",,,,,
Albert Einstein,Batman,,,,,,,,,,,,,,
Alfred Hitchcock,Batman,,,,,,,,,,,,,,
alien,human,,,,,,,,,,,,,,
amoeba,bug,,,,,,,,1,"-,lifeform",,,,,
anaconda,dog,,,,,,,,,,,,,,
army,team,,,,,,,,,,,,,,
Arnold Schwartzenegger,Batman,,,,,,,,,,,,,,
article,book,,1,,,,,,,,,,,,
Aunt Jemima,Cinderella,,,,,,,,,,,,,,
baboon,dog,,,,,,,,,,,,,,
bag,,0,2,,3,,0,TRUE,"4,5,6,7",vessel,,(90 of N{(tags: item; (number:pl | count:false); anim:<2; unique:0; size:<noun.size | tags:substance) } ),,,
banana,rock,,,,,,,,4,edible,,,,,
Barack Obama,Batman,,,,,,,,,,,,,,
basket,box,,,,,,,,,,,,,,
Big Foot,Batman,,,,,,,,,,,,,,
Bilbo Baggins,Batman,,,,,,,,,,,,,,
boat,machine,,,,,,,,"7,8","waterVehicle, passengerVehicle, motorVehicle",,,,,
boat1,,0,2,,5,,0,TRUE,"6,7",waterVehicle,,,,,
submarine,boat,,,,,,,,,,,,,,
oil tanker,boat,,,,,,,,,,,,,,
book,letter,,,,,,,,,,,,,,
book.1,book,,,,0,,,,,,,(40 by NP{anim:3;number:sg;unique:2}) (40 about NP),,case:gen,
Borg,Canuck,2,,,,,,,,,,,pl:Borg,,
bowling ball,ball,,,,,,,,,,,,,,
box,bag,,,,,,,,,structure,,,,,
brother,father,,,,,,,,,,,,,,
bug,dog,1.5,,,,,,,"2,3","bug, -",,,,,
Bugs Bunny,Batman,,,,,,,,,,,,,,
bus,car,,,,,,,,7,passengerVehicle,,,,,
car,machine,,,,,,,,7,"motorVehicle, groundVehicle, container",,,,,
centaur,human,,,,,,,,,,,,,,
chariot,car,,,,,,,,,,,,,,
Charlemagne,Batman,,,,,,,,,,,,,,
chicken,dog,,,,,,,,,,,,,,
child,human,,,,5,,,,5,,,,pl:children,,
chimney sweep,human,,,,,,,,,,,,,,
Chuck Norris,Batman,,,,,,,,,,,,,,
chupacabra,dog,,,,,,,,,,,,,,
Cinderella,Sally,,,,,,,,,"-,person,fullname",--,,,,
Cleopatra,Cinderella,,,,,,,,,,,,,,
communist,human,,,,,,,,,,,,,,
company,team,,,,,,,,,,,,,,
computer,machine,,,,,,,,,,,,,,
conductor,human,,,,,,,,,,,,,,
conquistador,human,,,,,,,,,,,,,,
contraption,machine,,,,,,,,,,,,,,
Corolla,car,,,,,,,,,,,,,,
cow,dog,,,,,,,,6.5,,,,,,
criminal,human,,,,0,,,,,,,,,,
crowd,team,,,,,,,,"7,8",,,,,,
customer,human,,,,,,,,,,,,,,
Daffy Duck,Batman,,,,,,,,,,,,,,
Darth Vader,Batman,,,,,,,,,,,,,,
data,garbage,,1,,,,,,,"collective,information, visible",,,,,
death,life,,,,,,,,,,,--,pl:deaths,,
decision,,0,0,,6,,0,TRUE,0,-,,,,,
device,,0,2,,0,,0,TRUE,4,device,,,,,
gadget,device,,,,,,,,,,,,,,
dinosaur,dog,,,,,,,,"7,8",,,,,,
disaster1,disaster,,,,,,,,,"situation,-",,,,,
doberman pincher,dog,,,,,,,,,,,,,,
doctor,human,,,,4,,,,,,,,,,
dragon,dinosaur,,,,,,,,,,,,,,
dragonfly,bug,,,,,,,,,,,,,,
dung beetle,bug,,,,,,,,,,,,,,
earthquake,disaster,,,,,,,,,"event,-",,,,,
elf,human,,,,,,,,,,,,pl:elves,,
Elmer Fudd,Batman,,,,,,,,,,,,,,
enemy,human,,,,6,anim:3,,,,,,,,,
fairy,human,,,,,,,,,,,,,,
father,mother,,,m,,,,,,,,,,,
Ferrari,car,,,,,,,,,,,,,,
fish,bug,,,,,,,,"4,5,6",,,,pl:fish,,
fishing,dancing,,,,,,,,,,,,,,
flotsam and jetsam,garbage,,,,,,,,,,,,,,
food,garbage,,,,,,,,,edible,,,,,
furniture,money,,,,,,,,,,,,,,
germaphobe,human,,,,,,,,,,,,,,
giant squid,fish,,,,,,,,7,,,,,,
goat,dog,,,,,,,,"5,6",,,,,,
Godzilla,Jack,2,,,,,,,8,"-,beast,fullname",,,,,
golf cart,car,,,,,,,,,,,,,,
gorilla,dog,,,,,,,,,,,,,,
grandfather,father,,,,,,,,,,,,,,
grasshopper,bug,,,,,,,,,,,,,,
great white shark,dog,,,,,,,,7,waterAnimal,,,,,
gymnastics,dancing,,,,,,,,,,,,,,
hamster,dog,,,,,,,,4,,,,,,
Harlem Globetrotter,Canuck,,,,,,,,,,,,,,
Illuminatus,Canuck,,,,,,,,,,,,pl:Illuminati,,
infant,human,2,,,,,,,,,,,,,
janitor,human,,,,2,tags:building,,,,,,,,,
jeep,car,,,,,,,,,,,,,,
John Calvin,Batman,,,,,,,,,,,,,,
John Lennon,Batman,,,,,,,,,,,,,,
Kraken,dog,,,,,,,,7,waterAnimal,,,,,
kung-fu,dancing,,,,,,,,,,,,,,
Leeroy Jenkins,Batman,,,,,,,,,,,,,,
Les Miserables,The Iliad,,,,,,,,,,,,,,
letter.1,letter,,,,0,,,,1,,,(40 from NP{anim:3;number:sg}) (40 about NP),,case:gen,
Lex Luther,Batman,,,,,,,,,,,,,,
llama,dog,,,,,,,,6,,,,,,
mailman,human,,,m,3,,,,,,,,pl:mailmen,,
Margaret Thatcher,Batman,,,,,,,,,,,,,,
Martin Luther,Batman,,,,,,,,,,,,,,
message,letter,,"1,2",,5,,,,,,,,,,
minotaur,human,"2,3",,,,,,,,,,,,,
minion,human,,,,6,anim:3,,,,,,,,,
missionary,human,,,,,,,,,,,,,,
money,garbage,,,,,tags:person|organization|territory,,,,,,,,,
monsoon,storm,,,,,,,,,,,,,,
Morgan Freeman,Batman,,,,,,,,,,,,,,
Moss Doerksen,Batman,,,,,,,,,,,,,,
mother,human,,,f,8,anim:>1,,,,,,,,,
Mr. Magoo,Batman,,,,,,,,,,,,,,
neighbor,human,,,,7,anim:3,,,,,,,,,
nerd,human,,,,,,,,,,,,,,
geek,human,,,,,,,,,,,,,,
traitor,human,,,,,,,,,,,,,,
villain,human,,,,,,,,,,,,,,
hero,human,,,,,,,,,,,,,,
loser,human,,,,,,,,,,,,,,
slob,human,,,,,,,,,,,,,,
hoodlum,human,,,,,,,,,,,,,,
gangster,human,,,,,,,,,,,,,,
artist,human,,,,,,,,,,,,,,
accountant,human,,,,,,,,,,,,,,
anarchist,human,,,,,,,,,,,,,,
waitress,human,,,,,,,,,,,,,,
dancer,human,,,,,,,,,,,,,,
lawyer,human,,,,,,,,,,,,,,
lumberjack,human,,,,,,,,,,,,,,
soldier,human,,,,,,,,,,,,,,
linguist,human,,,,,,,,,,,,,,
professor,human,,,,,,,,,,,,,,
scientist,human,,,,,,,,,,,,,,
footballer,human,,,,,,,,,,,,,,
player,human,,,,,,,,,,NP{tags:game},,,,
hairdresser,human,,,,,,,,,,,,,,
supermodel,human,,,,,,,,,,,,,,
pianist,human,,,,,,,,,,,,,,
spy,human,,,,,,,,,,,,,,
ambassador,human,,,,,,,,,,,,,,
carpenter,human,,,,,,,,,,,,,,
blacksmith,human,,,,,,,,,,,,,,
maid,human,,,,,,,,,,,,,,
mechanic,human,,,,,,,,,,,,,,
musician,human,,,,,,,,,,,,,,
prisoner,human,,,,,,,,,,,,,,
slave,human,,,,,,,,,,,,,,
pilot,human,,,,,,,,,,,,,,
farmer,human,,,,,,,,,,,,,,
peasant,human,,,,,,,,,,,,,,
servant,human,,,,,,,,,,,,,,
mayor,human,,,,,,,,,,,(of DP{tags:city}),,,
sheriff,mayor,,,,,,,,,,,,,,
cowboy,human,,,,,,,,,,,,,,
gynaecologist,human,,,,,,,,,,,,,,
dentist,human,,,,,,,,,,,,,,
detective,human,,,,,,,,,,,,,,
investigator,human,,,,,,,,,,,,,,
fugitive,human,,,,,,,,,,,,,,
hostage,human,,,,,,,,,,,,,,
witness,human,,,,,,,,,,,,,,
defendant,human,,,,,,,,,,,,,,
informant,human,,,,,,,,,,,,,,
florist,human,,,,,,,,,,,,,,
beekeeper,human,,,,,,,,,,,,,,
passenger,human,,,,,,,,,,,,,,
patient,human,,,,,,,,,,,,,,
taxidermist,human,,,,,,,,,,,,,,
salesman,human,,,,,,,,,,"(55 N{tags:artifact, number:sg})",,pl: salesmen,,
actor,human,,,,,,,,,,,,,,
assistant,human,,,,,"anim:3,",,,,,,,,,
priest,human,,,,,,,,,,,,,,
shepherd,human,,,,,,,,,,,,,,
magician,human,,,,,,,,,,,,,,
guard,human,,,,,,,,,,,,,,
captain,human,,,,,,,,,,,,,,
clown,human,,,,,,,,,,,,,,
witch doctor,human,,,,,,,,,,,,,,
assassin,human,,,,,,,,,,,,,,
minstrel,human,,,,,,,,,,,,,,
wizard,human,,,,,,,,,,,,,,
druid,human,,,,,,,,,,,,,,
ninja,human,,,,,,,,,,,,,,
monk,human,,,,,,,,,,,,,,
nun,human,,,,,,,,,,,,,,
prophet,human,,,,,,,,,,,,,,
Nerf-herder,human,,,,,,,,,,,,,,
Narnia,Japan,,,,,,,,,,,,,,
Metropolis,London,,,,,,,,,,,,,,
Gotham,London,,,,,,,,,,,,,,
New York,London,,,,,,,,,,,,,,
Timbuktu,London,,,,,,,,,,,,,,
Langley,London,,,,,,,,,,,,,,
Helsinki,London,,,,,,,,,,,,,,
El Paso,London,,,,,,,,,,,,,,
Frankfurt,London,,,,,,,,,,,,,,
Moscow,London,,,,,,,,,,,,,,
Kathmandu,London,,,,,,,,,,,,,,
Mississippi,Nile,,,,,,,,,,,,,,
novel,book,,,,1,,,,,,,,,,
ogre,human,,,,,,,,,,,,,,
parade,concert,,,,,,,,,,,,,,
parrot,bird,,,,,,,,,airAnimal,,,,,
person,human,,,,1,,,,,,,,pl:people,,
picture,rock,,,,3,,,,"4,5",,,(of NP),,,
pirate,human,,,,,,,,,,,,,,
platypus,dog,,,,,,,,,,,,pl:platypi,,
polygamist,human,,,,,,,,,,,,,,
porcupine,dog,,,,,,,,,,,,,,
prediction,statement,,,,,,,,,telic,,,,,
pterodactyl,dog,,,,,,,,7,,,,,,
queen,human,,,f,,tags:territory|collective&person,,,,,,,,,
queen.1,queen,,,,,--,1,,,,,of DP{tags:territory;},,def:indef,
queen1,queen,,,,,,,,,,,(60  of the N{anim:>1; number:pl;}  |40  of N{(67 number:pl; |33 count:false)} ),,"def:indef,number:pl",
king,queen,,,m,,,,,,,,,,,
king1,queen1,,,,,,,,,,,,,,
emperor,queen,,,m,,,,,,,,,,,
prime minister,queen,,,--,,,,,,,,,,,
president,queen,,,--,,,,,,,,,,,
prince,king,,,,,,,,,,,,,,
princess,queen,,,,,,,,,,,,,,
duchess,queen,,,,,,,,,,,,,,
earl,king,,,,,,,,,,,,,,
chief,king,,,,,,,,,,,,,,
governor,president,,,,,,,,,,,,,,
Queen Elizabeth,Cinderella,,,,,,,,,,,,,,
rabble-rouser,human,,,,,,,,,,,,,,
refrigerator,machine,,,,,,,,,container,,,,,
rhinoceros,dog,,,,,,,,7,,,,,,
Robinson Crusoe,Batman,,,,,,,,,,,,,,
rockstar,human,,,,,,,,,,,,,,
Himalaya,Alp,,,,,,,,,,,,,,
saint,human,,,,2,,,,,,,,,,
Santa Clause,Batman,,,,,,,,,,,,,,
sheep,dog,,,,,,,,"5,6",,,,pl:sheep,,
singing,dancing,,,,,,,,,,,,,,
sister,mother,,,,,,,,,,,,,,
skunk,dog,,,,,,,,,,,,,,
smartphone,phone,,,,,,,,4,audioDevice,,,,,
iPhone,smartphone,,,,,,,,,,,,,,
stereo,device,,,,,,,,5,audioDevice,,,,,
Walkman,stereo,,,,,,,,4,,,,,,
radio,stereo,,,,,,,,"4,5",,,,,,
gramophone,stereo,,,,,,,,5,,,,,,
boombox,stereo,,,,,,,,"4,5",,,,,,
smoking,dancing,,,,,,,,,,,,,,
motorbike,,1,2,,7,,0,TRUE,6,"motorVehicle, groundVehicle",,,,,
snowmobile,motorbike,,,,,,,,,,,,,,
South America,Japan,,,,,,,,12,continent,,,,,
Spaniard,human,,,,0,,,,,,,,,,
spider,bug,,,,,,,,,,,,,,
Spongebob,Batman,,,,,,,,,,,,,,
Stalin,Batman,,,,,,,,,,,,,,
statement.1,statement,,,,0,,,,,,,(40 by NP{anim:3}) (40 about NP),,,
Steve Martin,Batman,,,,,,,,,,,,,,
stick,rock,,,,,,,,"4,5",,,,,,
student,doctor,,,,,,,,,,,,,,
tank,car,,,,,,,,,,,,,,
the Bible,The Iliad,,,,,,,,,,,,,,
thesis,book,,,,,,,,,,,,pl:theses,,
time-travel,dancing,,,,,,,,,,,,,,
tire,rock,,,,,,,,5,artifact,,,,,
tractor,car,,,,,,,,,,,,,,
train,bus,,,,,,,,8,,,,,,
truck,car,,,,,,,,,,,,,,
tsunami,disaster,,,,,,,,,phenomenon,,,,,
tuk-tuk,car,,,,,,,,,,,,,,
turtle,dog,,,,,,,,"4,5",waterAnimal,,,,,
van,car,,,,,,,,,,,,,,
vehicle,car,,,,,,,,,,,,,,
victim,human,,,,3,anim:>1,,,,,,,,,
War and Peace,The Iliad,,,,,,,,,,,,,,
watermelon,banana,,,,,,,,5,,,,,,
whale-watching,dancing,,,,,,,,,,,,,,
William Wallace,Batman,,,,,,,,,,,,,,
wipper-snapper,human,,,,,,,,,,,,,,
wolf,dog,,,,,,,,"5,6",,,,pl:wolves,,
wombat,dog,,,,,,,,,,,,,,
wood,garbage,,,,,,,,,"solid,-",,,,,
wookie,human,,,,2,,,,,,,,,,
yeti,dog,,,,,,,,6,,,,,,
yoga,dancing,,,,,,,,,,,,,,
circumstance,situation,,,,,,,,,,,,,,
puzzle,problem,,,,,,,,,,,,,,
dilemma,problem,,,,,,,,,,,,,,
issue,problem,,,,,,,,,,,,,,
equation,problem,,,,,,,,,,,,,,
riddle,question,,,,2,,,,,,,,,,
assignment,task,,,,,,,,,,,,,,
mission,task,,,,,,,,,,,,,,
job,task,,,,,,,,,obligation,,,,,
gang,team,,,,,,,,,,,,,,
government,choir,,,,,tags:territory,,,,,,,,,
choir,team,,,,,,,,,,,--,,,
band,team,,,,,,,,,,,,,,
herd,team,2,,,,,,,"8,9","collective,-",,(60 of N{number:pl;anim:2;pronominal:false;person:3;tags:!collective}),,,
luggage,furniture,,,,,,,,5,,,,,,
flock,herd,,,,,,,,"8,9",,,,,,
plan,strategy,,,,,,,,,undertaking,,(30 INF_PHRASE{volition:true}),,,
project,plan,,,,,,,,,,,,,,
experiment,plan,,,,,,,,,,,,,,
scheme,plan,,,,,,,,,,,,,,
work,dancing,,,,,,,,,"behaviour, procedure, -",,,,,
sorcery,dancing,,,,,,,,,,,,,,
voodoo,dancing,,,,,,,,,,,,,,
prophecy,dancing,,,,,,,,,,,,,,
population,government,,,,,,,,,,,,,,
toil,work.1,,,,,,,,,difficulty,,,,,
gambling,dancing,,,,,,,,,,,,,,
denizen,citizen,,,,,tags:place,,,,,,,,,
author,human,,,,,"name:book,orsimilar:true",,,,,,,,,
parking lot,forest,,,,,,,,8,,,,,,
beach,,0,1,,0,,0,TRUE,"7,8",field,,,,,
park,forest,,,,,,,,,,,,,,
ex-girlfriend,human,,,f,8,"anim:3,gender:!f",,,,,,,,,
friend,human,,,,7,,,,,,,,,,
stranger,human,,,,,,,,,,,,,,
foreigner,human,,,,,,,,,,,,,,
immigrant,human,,,,,,,,,,,,,,
owner,human,,,,8,"anim:<3,tags:object",,,,,,,,,
owner1,human,,,,,,,,,,,(of DP{tags:item|animal|building|organization;def:def;partial:false}),,,
White House,Taj Mahal,,,,,,,,,,,,,,
stadium,house,,,,,,,,,,,,,,
Eiffel Tower,Taj Mahal,,,,,,,,,"structure, -",,,,,
Empire State Building,Taj Mahal,,,,,,,,,,,,,,
Parthenon,Taj Mahal,,,,,,,,,,,,,,
Great Wall of China,Taj Mahal,,,,,,,,,"perimeter, vertical, structure, surface, -",,,,,
Space Needle,Taj Mahal,,,,,,,,,,,,,,
Louvre,Taj Mahal,,,,,,,,,,,,,,
swarm,herd,,,,,,,,"6,7,8",,,,,,
spoon,rock,,,,,,,,,instrument,,,,,
knife,spoon,,,,,,,,,,,,pl:knives,,
ball,rock,,,,,,,,,artifact,,,,,
midget,human,,,,,,,,5,,,,,,
witch,human,,,f,,,,,,,,,,,
floor,,0,2,,2,,0,TRUE,8,"surface, grounded",,,,,
street,road,,,,,,,,,"surface, grounded",,,,,
sidewalk,street,,,,,,,,,,,,,,
ice,floor,,,,,,0,FALSE,,,,,,"number:pl, quantified:true, def:indef",
ice1,,0,2,,2,,0,FALSE,0,solid,,,,,
lawn,floor,,,,,,,,,,,,,,
air,,0,1,,1,,0,FALSE,0,gas,,,,,
sand,,0,2,,3,,0,FALSE,0,aggregate,,,,,
gravel,sand,,,,,,,,,,,,,,
bark mulch,sand,,,,,,,,,,,,,,
Lego,sand,,,,,,,,,,,,,,
heap,pile,,,,,,,,"5,6,7,8",,,,,,
mound,pile,,,,,,,,"4,5,6",,,,,,
wall,,0,2,,3,,0,TRUE,"7,8","surface, structure, vertical",,,,,
fence,wall,,,,,,,,,,,,,,
bridge,street,,,,,,,,,"structure, bridge",,,,,
overpass,bridge,,,,,,,,,,,,,,
lake,,0,1,,4,tags:country|continent,0,TRUE,"8,9",openWater,,,,,
ocean,lake,,,,,,1,,13,,,,,,
Mediterranean,lake,,,,,,1,FALSE,12,,,,,,
river,lake,,,,,,,,9,path,,,,,
creek,river,,,,,,,,7,"-, bodyOfWater",,,,,
Alabama,Japan,,,,,,,,,,,,,,
island,forest,,,,,,,,"8,9","-,land,surface",,,,,
labyrinth,,0,1,,3,,0,TRUE,8,"area,structure",,,,,
computer programming,dancing,,,,,,,,,,,,,,
pair of pants,skirt,,,,,,,,5,,,,pl: pants,,
pairs of pants,pair of pants,,,,,,,,,,,,pl:pairs of pants,number:sg,
dress,skirt,,,,,,,,,,,,,,
skirt,shirt,,,,,,,,,hasLength,,,,,
sweater,shirt,,,,,,,,,,,,,,
jacket,shirt,,,,,,,,,,,,,,
hat,shirt,,,,,,,,4,,,,,,
shirt,,0,2,,7,,0,TRUE,5,clothing,,,,,
shoe,shirt,,,,,,,,4,,,,,,
heat,,0,1,,2,,0,FALSE,0,"energy, feelable",,,,,
pressure,heat,,,,,,,,,force,,,,,
pole,,0,2,,3,,0,TRUE,"6,7","vertical, path, structure",,,,,
ladder,pole,,,,,,,,,,,,,,
stair,,0,2,,3,,0,TRUE,"6,7,8","incline, structure",,,,number:sg,
entrance,,0,2,,3,,0,TRUE,"4,5,6,7,8",opening,,,,,
exit,entrance,,,,,,,,,,,,,,
doorway,entrance,,,,,,,,"6,7",,,,,,
gate,entrance,,,,,,,,"6,7","construction, breakable",,,,,
window,gate,,,,,,,,"5,6,7","elevated, feature",,,,,
cloud,,0,2,,0,,0,TRUE,"7,8","thing, elevated, obstacle, gas",,,,,
smoke,cloud,,,,,,,FALSE,,"thing, obstacle, gas, -",,,,,
fume,smoke,,,,,,,,,,,,,number:sg,TRUE
grass,,0,2,,0,,0,FALSE,0,aggregate,,,,,
grass1,grass,,,,,,,,,"-, feature,obstacle,grounded",,,,,
underbrush,grass1,,,,,,,,,,,,,,
field,forest,,,,,,,,,,,,,,
field1,field,,,,,,,,8,field,(10 soccer |15 football |7 rugby |9 baseball |10 sports |6 playing),,,,
court,field1,,,,,,,,"7,8",,(20 tennis |20 basketball |10 squash |20 volleyball),,,,
farm,,0,1,,5,tags: person|organization,0,TRUE,8,field,--,,,,
ranch,farm,,,,,,,,"8,9",,,,,,
space station,farm,,,,,,,,,,,,,,
zoo,,0,1,,3,tags: person|organization,0,TRUE,8,"site, area",,,,,
graveyard,zoo,,,,,,,,,,,,,,
junkyard,zoo,,,,,,,,,,,,,,
edge,,0,1,,0,,0,TRUE,,"edge, position",,(85 of NP{def:def;tags:bounded}),,,
border,,0,1,,0,,0,TRUE,,boundary,,,,,
finish line,border,,,,,,,,,,,,,,
road,,0,2,,1,,0,TRUE,8,"path, fixed, site",,,,,
train track,road,,,,,,,,,,,,,number:sg,
chimney,,0,2,,1,,0,TRUE,"6,7","vertical, passage, structure",,,,,
tunnel,,0,2,,2,,0,TRUE,"7,8","passage, structure",,,,,
hallway,tunnel,,,,,,,,,,,,,,
hill,,0,2,,1,,0,TRUE,8,"prominence, incline",,,,,
mountain,hill,,,,,,,,9,,,,,,
valley,,0,2,,0,,0,TRUE,"8,9,10","depression, path",,,,,
ravine,valley,,,,,,,,8,depression,,,,,
canyon,valley,,,,,,,,"9,10",depression,,,,,
ditch,,0,2,,0,,0,TRUE,7,depression,,,,,
wilderness,forest,,,,,,,FALSE,"9,10,11",,,,,,
hole,,0,1,,0,,0,TRUE,,passage,,,,,
path,road,,,,,,,,"6,7",,,,,,
trail,road,,,,,,,,"6,7",,,,,,
water,,0,2,,3,,0,FALSE,0,liquid,,,,,
milk,water,,,,,,,,,,,,,,
beer,water,,,,,,,,,,,,,,
oil,water,,,,,,,,,,,,,,
juice,water,,,,,,,,,,,,,,
paint,water,,,,,,,,,,,,,,
blood,water,,,,,,,,,,,,,,
lava,water,,,,,,,,,,,,,,
drain,chimney,,,,,,,,"3,4,5,6","-, vertical, passage, fixed",,,,,
pipe,,0,2,,4,,0,TRUE,"3,4,5,6","passage, vessel",,,,,
sewer,tunnel,,,,,,,,,bodyOfWater,,,,,
mine shaft,drain,,,,,,,,"7,8",,,,,,
cliff,,0,2,,0,,0,TRUE,"8,9","edge, vertical, surface, land",,,,,
table,,0,2,,0,,0,TRUE,6,"elevated, surface, table",,,,,
desk,table,,,,,,,,6,,,,,,
counter,table,,,,,,,,,,,,,,
trampoline,,0,2,,0,,0,TRUE,6,"elevated, surface, structure",,,,,
pool,,0,2,,0,,0,TRUE,7,bodyOfWater,,,,,
pond,pool,,,,,,,,,,,,,,
puddle,pool,,,,,,,,"5,6,7","grounded, obstacle",,,,,
robot,,"1,2,3",2,,4,,0,TRUE,"5,6,7","person,machine",,,,,
hipster,person,,,,,,,,,,,,,,
coast,,0,2,,0,,0,TRUE,9,"site, perimeter",,,,,
shore,coast,,,,,,,,,,,,,,
tightrope,bridge,,,,,,,,,,,,,,
English Channel,lake,,,,,,1,FALSE,10,bodyOfWater,,,,,
room,,0,1,,6,,0,TRUE,7,"void, area, container",,,,,
kitchen,room,,,,,,,,,,,,,,
bedroom,room,,,,,,,,,,,,,,
classroom,room,,,,,,,,,,,,,,
garage,room,,,,,,,,,,,,,,
basement,room,,,,,,,,,,,,,,
attic,room,,,,,,,,,,,,,,
office,room,,,,,,,,,,,,,,
office,house,,,,,,,,,,,,,,
swamp,forest,,,,,,,,,bodyOfWater,,,,,
stage,,0,2,,0,,0,TRUE,7,"structure, surface",,,,,
cave,tunnel,,,,,,,,,,,,,,
well,tunnel,,,,,,,,,vertical,,,,,
rope,,,,,,,,,,,,,,,TRUE
mud,dirt,,,,,,,,,"semisolid, liquid, obstacle, grounded, -",,,,,
quicksand,mud,,,,,,,,,,,,,,
top,,0,1,,0,,1,FALSE,,"position, point",,(88 of NP{tags:container|incline|prominence|path&vertical|bodyOfWater;number:noun.number}),,,
bottom,top,,,,,,,,,bottom,,,,,
front,top,,,,,,,,,,,(88 of NP{anim:<1.5;tags:creature|structure|vehicle & !position&!line;number:noun.number}),,,
back,front,,,,,,,,,,,,,,
end,top,,,,,,,,,,,(95 of NP{tags:path;number:sg}),,,
dump truck,truck,,,,,,,,,,,,,,
helicopter,airplane,,,,,,,,,"airVehicle, motorVehicle, -",,,,,
hovercraft,boat,,,,,,,,,groundVehicle,,,,,
phone,device,,,,,,,,,,,,,,
camera,phone,,,,,,,,,,,,,,
gun,phone,,,,,,,,,,,,,,
blow dryer,phone,,,,,,,,,machine,,,,,
ship,boat,,,,,,,,,,,,,,
canoe,boat1,,,,,,,,,,,,,,
SUV,car,,,,,,,,,,,,,,
Hummer,car,,,,,,,,,,,,,,
Cadillac,car,,,,,,,,,,,,,,
yacht,boat,,,,,,,,,,,,,,
barge,boat,,,,,,,,,,,,,,
jeep,car,,,,,,,,,,,,,,
jumbo jet,airplane,,,,,,,,,,,,,,
X-wing,airplane,,,,,,,,,,,,,,
fish,,1,2,,4,,0,TRUE,"4,5",waterAnimal,,,pl: fish,,
jelly fish,fish,,,,,,,,,,,,pl: jelly fish,,
pirhana,fish,,,,,,,,4,,,,,,
orca,whale,,,,,,,,7,,,,,,
whale,fish,2,,,,,,,"7,8",,,,,,
walrus,whale,,,,,,,,,,,,,,
dolphin,whale,,,,,,,,6,,,,,,
manatee,whale,,,,,,,,6.5,,,,,,
bird,dog,,,,,,,,"4,5",airAnimal,,,,,
eagle,bird,,,,,,,,"5,6",,,,,,
owl,bird,,,,,,,,5,,,,,,
egret,bird,,,,,,,,5,,,,,,
woodpecker,bird,,,,,,,,,,,,,,
crow,bird,,,,,,,,,,,,,,
flamingo,bird,,,,,,,,,,,,,,
duck,bird,,,,,,,,,,,,,,
goose,bird,,,,,,,,,,,,pl: geese,,
chicken,dog,,,,,,,,5,,,,,,
ostrich,dog,,,,,,,,6,,,,,,
armadillo,dog,,,,,,,,,,,,,,
fox,dog,,,,,,,,,,,,,,
panda,dog,,,,,,,,,,,,,,
moose,cow,,,,,,,,,,,,pl: moose,,
horse,cow,,,,,,,,,,,,,,
pony,cow,,,,,,,,,,,,,,
hyena,dog,,,,,,,,,,,,,,
cougar,dog,,,,,,,,,,,,,,
aardvark,dog,,,,,,,,,,,,,,
jackelope,dog,,,,,,,,5,,,,,,
antelope,dog,,,,,,,,6,,,,,,
rabbit,dog,,,,,,,,5,,,,,,
badger,dog,,,,,,,,5,,,,,,
dinosaur,dog,,,,,,,,"6,7,8",,,,,,
ferret,dog,,,,,,,,5,,,,,,
mouse,dog,,,,,,,,4,,,,pl: mice,,
frog,dog,,,,,,,,4,waterAnimal,,,,,
newt,frog,,,,,,,,4,,,,,,
lobster,frog,,,,,,,,4,,,,,,
squirrel,dog,,,,,,,,4,,,,,,
pig,dog,,,,,,,,"5,6,6.5",,,,,,
kangaroo,dog,,,,,,,,"5,6",,,,,,
monkey,dog,,,,,,,,,,,,,,
giraffe,dog,,,,,,,,7,,,,,,
elephant,dog,,,,,,,,7,,,,,,
mongoose,dog,,,,,,,,,,,,,,
zebra,dog,,,,,,,,,,,,,,
poodle,dog,,,,,,,,,,,,,,
worm,bug,,,,,,,,3,,,,,,
termite,bug,,,,,,,,,,,,,,
ant,bug,,,,,,,,,,,,,,
caterpillar,bug,,,,,,,,,,,,,,
spider,bug,,,,,,,,,,,,,,
left-wing radical,human,,,,,,,,,,,,,,
right-wing extremist,human,,,,,,,,,,,,,,
fundamentalist,human,,,,,,,,,,,,,,
hippie,human,,,,,,,,,,,,,,
environmentalist,human,,,,,,,,,,,,,,
pacifist,human,,,,,,,,,,,,,,
terrorist,human,,,,,,,,,,,,,,
fascist,human,,,,,,,,,,,,,,
feminist,human,,,,,,,,,,,,,,
mobster,human,,,,,,,,,,,,,,
guru,human,,,,,,,,,,,,,,
maid,human,,,,,,,,,,,,,,
nurse,human,,,,,,,,,,,,,,
milkman,human,,,,,,,,,,,,pl:milkmen,,
astronaut,human,,,,,,,,,,,,,,
drug dealer,human,,,,,,,,,,,,,,
hobo,human,,,,,,,,,,,,,,
troll,human,,,,,,,,,,,,,,
police officer,human,,,,,,,,,,,,,,
CEO,human,,,,,,,,,,,(70 of NP{tags:organization}),,,
butler,human,,,,,,,,,,,,,,
mechanic,human,,,,,,,,,,,,,,
cable guy,human,,,,,,,,,,,,,,
tech support,human,,,,,,2,FALSE,,"-, collective",,,,,
tech support1,dancing,,,,,,,,,,,,,,
Batman,Jack,,,,,,,,,"-,person,fullname",--,,,,
The Hulk,Batman,,,,,,,,,,,,,,
Turd Ferguson,Batman,,,,,,,,,,,,,,
Zaphod Beeblebrox,Batman,,,,,,,,,,,,,,
Slartibartfast,Batman,,,,,,,,,,,,,,
River Tam,Cinderella,,,,,,,,,,,,,,
Malcolm Reynolds,Batman,,,,,,,,,,,,,,
Mr. Darcy,Batman,,,,,,,,,,,,,,
Scarlett,Sally,,,,,,,,,,,,,,
Hermione,Sally,,,,,,,,,,,,,,
Dorothy,Sally,,,,,,,,,,,,,,
Sarah Connor,Cinderella,,,,,,,,,,,,,,
Wonder Woman,Cinderella,,,,,,,,,,,,,,
Sauron,Batman,,,,,,,,,,,,,,
Smaug,Batman,,,,,,,,8,airAnimal,,,,,
Dread Pirate Roberts,Batman,,,,,,1,,,,,,,,
Mr. Rogers,Batman,,,,,,,,,,,,,,
Kermit the Frog,Batman,,,,,,,,,,,,,,
Miss Piggy,Cinderella,,,,,,,,,,,,,,
Celine Dion,Cinderella,,,,,,,,,,,,,,
Cruella Deville,Cinderella,,,,,,,,,,,,,,
Mary Poppins,Cinderella,,,,,,,,,,,,,,
Spartacus,Batman,,,,,,,,,,,,,,
Ghandi,Batman,,,,,,,,,,,,,,
Vladimir Putin,Batman,,,,,,,,,,,,,,
Madonna,Cinderella,,,,,,,,,,,,,,
Mother Teresa,Cinderella,,,,,,,,,,,,,,
Eleanor Roosevelt,Cinderella,,,,,,,,,,,,,,
Jane Austen,Cinderella,,,,,,,,,,,,,,
Marie Curie,Cinderella,,,,,,,,,,,,,,
Amelia Earhart,Cinderella,,,,,,,,,,,,,,
Helen Keller,Cinderella,,,,,,,,,,,,,,
Sherlock Holmes,Batman,,,,,,,,,,,,,,
Carmen Sandiego,Cinderella,,,,,,,,,,,,,,
Pocahontas,Cinderella,,,,,,,,,,,,,,
Katniss Everdeen,Cinderella,,,,,,,,,,,,,,
Princess Leia,Cinderella,,,,,,,,,,,,,,
Gandalf,Batman,,,,,,,,,,,,,,
Luke Skywalker,Batman,,,,,,,,,,,,,,
Han Solo,Batman,,,,,,,,,,,,,,
Captain Kirk,Batman,,,,,,,,,,,,,,
Jean Luc Picard,Batman,,,,,,,,,,,,,,
Henry VIII,Batman,,,,,,,,,,,,,,
Archduke Franz Ferdinand,Batman,,,,,,,,,,,,,,
Colonel Mustard,Batman,,,,,,,,,,,,,,
Backstreet Boy,Canuck,,,,,,,,,,,,,,
Lex Luther,Batman,,,,,,,,,,,,,,
Frankenstein,Batman,"2,3",,,,,,,,,,,,,
Harry Potter,Batman,,,,,,,,,,,,,,
Davy Crockett,Batman,,,,,,,,,,,,,,
John Bunyan,Batman,,,,,,,,,,,,,,
Genghis Khan,Batman,,,,,,,,,,,,,,
Moses,Batman,,,,,,,,,,,,,,
Morgan Freeman,Batman,,,,,,,,,,,,,,
Noam Chomsky,Batman,,,,,,,,,,,,,,
bicycle,,0,2,,7,,0,TRUE,6,"nonMotorVehicle, groundVehicle",,,,,
shopping cart,bicycle,,,,,,,,,,,,,,
skateboard,bicycle,,,,,,,,5,,,,,,
can,box,,,,,,,,4,,,,,,
jar,box,,,,,,,,4,,,,,,
bottle,box,,,,,,,,4,,,,,,
bucket,box,,,,,,,,5,,,,,,
vat,box,,,,,,,,"6,7",,,,,,
abyss,void,,,,,,,,"8,9",,,,,,
void,,0,1,,0,,0,TRUE,,void,,,,,
outer space,void,,,,,,2,FALSE,15,,,,,,
Billy,Jack,,,,,,,,,,,,,,
Jedediah,Jack,,,,,,,,,,,,,,
Hamish,Jack,,,,,,,,,,,,,,
Ahmed,Jack,,,,,,,,,,,,,,
Webster,Jack,,,,,,,,,,,,,,
Rufus,Jack,,,,,,,,,,,,,,
Isolde,Sally,,,,,,,,,,,,,,
Sinead,Sally,,,,,,,,,,,,,,
Fatima,Sally,,,,,,,,,,,,,,
Susie,Sally,,,,,,,,,,,,,,
Matilda,Sally,,,,,,,,,,,,,,
Barnabas,Jack,,,,,,,,,,,,,,
Helmut,Jack,,,,,,,,,,,,,,
Abdul,Jack,,,,,,,,,,,,,,
Lawonda,Sally,,,,,,,,,,,,,,
Tyrese,Jack,,,,,,,,,,,,,,
Andre,Jack,,,,,,,,,,,,,,
Confucius,Jack,,,,,,,,,,,,,,
Agnes,Sally,,,,,,,,,,,,,,
Antonio,Jack,,,,,,,,,,,,,,
Bernard,Jack,,,,,,,,,,,,,,
Celeste,Sally,,,,,,,,,,,,,,
Clementine,Sally,,,,,,,,,,,,,,
Cosette,Sally,,,,,,,,,,,,,,
Daphne,Sally,,,,,,,,,,,,,,
Li,Sally,,,,,,,,,,,,,,
Li1,Jack,,,,,,,,,,,,,,
Meilin,Sally,,,,,,,,,,,,,,
Yuming,Sally,,,,,,,,,,,,,,
Huojin,Jack,,,,,,,,,,,,,,
Zihao,Jack,,,,,,,,,,,,,,
Fumiko,Sally,,,,,,,,,,,,,,
Suki,Sally,,,,,,,,,,,,,,
Takeo,Jack,,,,,,,,,,,,,,
Akira,Jack,,,,,,,,,,,,,,
Kibwe,Jack,,,,,,,,,,,,,,
Najuma,Sally,,,,,,,,,,,,,,
Edgar,Jack,,,,,,,,,,,,,,
Ernesto,Jack,,,,,,,,,,,,,,
Julio,Jack,,,,,,,,,,,,,,
Ferdinand,Jack,,,,,,,,,,,,,,
Gaston,Jack,,,,,,,,,,,,,,
Gerald,Jack,,,,,,,,,,,,,,
Gustav,Jack,,,,,,,,,,,,,,
Gwendoline,Sally,,,,,,,,,,,,,,
Lucille,Sally,,,,,,,,,,,,,,
Martha,Sally,,,,,,,,,,,,,,
Oliver,Jack,,,,,,,,,,,,,,
Philbert,Jack,,,,,,,,,,,,,,
Sebastian,Jack,,,,,,,,,,,,,,
Sybil,Sally,,,,,,,,,,,,,,
Sir Lancelot,Batman,,,,,,,,,,,,,,
Robin Hood,Batman,,,,,,,,,,,,,,
Winnie the Pooh,Batman,,,,,,,,,,,,,,
Zeus,Batman,,,,,,,,,,,,,,
ZoÃ«,Sally,,,,,,,,,,,,,,
Victoria,Sally,,,,,,,,,,,,,,
Astrid,Sally,,,,,,,,,,,,,,
Cecilia,Sally,,,,,,,,,,,,,,
Eckhart,Jack,,,,,,,,,,,,,,
Dietrich,Jack,,,,,,,,,,,,,,
Edith,Sally,,,,,,,,,,,,,,
Eugene,Jack,,,,,,,,,,,,,,
Felix,Jack,,,,,,,,,,,,,,
Gunther,Jack,,,,,,,,,,,,,,
Gretchen,Sally,,,,,,,,,,,,,,
Phyllis,Sally,,,,,,,,,,,,,,
Salome,Sally,,,,,,,,,,,,,,
Tatiana,Sally,,,,,,,,,,,,,,
Wilma,Sally,,,,,,,,,,,,,,
Boris,Jack,,,,,,,,,,,,,,
Igor,Sally,,,,,,,,,,,,,,
Nikolai,Jack,,,,,,,,,,,,,,
Oxana,Sally,,,,,,,,,,,,,,
Rudolf,Jack,,,,,,,,,,,,,,
Anastasia,Sally,,,,,,,,,,,,,,
Basil,Jack,,,,,,,,,,,,,,
Mandeep,Jack,,,,,,,,,,,,,,
Mario,Jack,,,,,,,,,,,,,,
Luigi,Jack,,,,,,,,,,,,,,
Mika,Jack,,,,,,,,,,,,,,
Teemu,Jack,,,,,,,,,,,,,,
Sami,Jack,,,,,,,,,,,,,,
Jarkko,Jack,,,,,,,,,,,,,,
Riita,Sally,,,,,,,,,,,,,,
Helena,Sally,,,,,,,,,,,,,,
Sven,Jack,,,,,,,,,,,,,,
Hildur,Sally,,,,,,,,,,,,,,
Freja,Sally,,,,,,,,,,,,,,
Heidi,Sally,,,,,,,,,,,,,,
Natalia,Sally,,,,,,,,,,,,,,
Renata,Sally,,,,,,,,,,,,,,
Stella,Sally,,,,,,,,,,,,,,
Surinder,Sally,,,,,,,,,,,,,,
Esperanza,Sally,,,,,,,,,,,,,,
Otto,Jack,,,,,,,,,,,,,,
Gideon,Jack,,,,,,,,,,,,,,
Casper,Jack,,,,,,,,,,,,,,
Joaquin,Jack,,,,,,,,,,,,,,
Leopold,Jack,,,,,,,,,,,,,,
Malcolm,Jack,,,,,,,,,,,,,,
Rudyard,Jack,,,,,,,,,,,,,,
Xavier,Jack,,,,,,,,,,,,,,
Delilah,Sally,,,,,,,,,,,,,,
Esmeralda,Sally,,,,,,,,,,,,,,
Myrtle,Sally,,,,,,,,,,,,,,
Muriel,Sally,,,,,,,,,,,,,,
Virginia,Sally,,,,,,,,,,,,,,
Sharmila,Sally,,,,,,,,,,,,,,
Pipi,Sally,,,,,,,,,,,,,,
Siosi,Jack,,,,,,,,,,,,,,
Paora,Jack,,,,,,,,,,,,,,
Pavan,Sally,,,,,,,,,,,,,,
Nirmal,Sally,,,,,,,,,,,,,,
rock climbing,dancing,,,,,,,,,,,,,,
quilting,dancing,,,,,,,,,,,,,,
pottery,dancing,,,,,,,,,,,,,,
scrapbooking,dancing,,,,,,,,,,,,,,
wood carving,dancing,,,,,,,,,,,,,,
taxidermy,dancing,,,,,,,,,,,,,,
snowboarding,dancing,,,,,,,,,,,,,,
surfing,dancing,,,,,,,,,,,,,,
aerobics,dancing,,,,,,,,,,,,,,
karate,dancing,,,,,,,,,,,,,,
kung fu,dancing,,,,,,,,,,,,,,
bird-watching,dancing,,,,,,,,,,,,,,
shopping,dancing,,,,,,,,,,,,,,
World of Warcraft,chess,,,,,,,,,,,,,,
Dungeons and Dragons,chess,,,,,,,,,,,,,,
chess,dancing,,,,,,,,,"game, -",,,,,
poker,chess,,,,,,,,,,,,,,
Monopoly,chess,,,,,,,,,,,,,,
soccer,chess,,,,,,,,,sport,,,,,
football,soccer,,,,,,,,,,,,,,
hockey,soccer,,,,,,,,,,,,,,
basketball,soccer,,,,,,,,,,,,,,
cricket,soccer,,,,,,,,,,,,,,
tennis,soccer,,,,,,,,,,,,,,
rugby,soccer,,,,,,,,,,,,,,
game,,0,0,,3,,0,TRUE,0,contest,(DP{tags:sport}),,,,
competition,game,,,,,,,,,,--,,,,
tournament,game,,,,,,,,,,(DP{tags:game}),,,,
match,game,,,,,,,,,,DP{tags:sport},,,,
contest,game,,,,,,,,,,(45 DP{tags:game|activity} |25 ACTIVE_STUFF),,,,
Olympic,game,,,,,,1,TRUE,,,((_Winter|_Summer)),,,number:sg,
opera,concert,,,,,,,,,,,,,,
dance,party,,,,,,,,,,,,,,
festival,party,,,,,,,,,,,,,,
inquisition,party,,,,,,,,,undertaking,,,,,
debate,party,,,,,,,,,contest,,,,,
rave,party,,,,,,,,,,,,,,
circus,party,,,,,,,,,,,,,,
thesis defense,party,,,,,,,,,,,,,,
seminar,party,,,,,,,,,,,,,,
conference,party,,,,,,,,,,,,,,
jam session,party,,,,,,,,,,,,,,
bowling,dancing,,,,,,,,,,,,,,
archery,dancing,,,,,,,,,,,,,,
astrology,dancing,,,,,,,,,,,,,,
gardening,dancing,,,,,,,,,,,,,,
beekeeping,dancing,,,,,,,,,,,,,,
science,politics,0,0,,0,,2,FALSE,0,fieldOfStudy,,,,,
religion,politics,,,,,,,,,,,,,,
origami,politics,,,,,,,,,,,,,,
politics,,0,0,,0,,2,FALSE,0,enterprise,,,,,
warfare,politics,,,,,,,,,,,,,,
diplomacy,politics,,,,,,,,,,,,,,
terrorism,politics,,,,,,,,,,,,,,
marketing,politics,,,,,,,,,business,,,,,
astrology,politics,,,,,,,,,,,,,,
alchemy,politics,,,,,,,,,,,,,,
physics,science,,,,,,,,,,,,,,
chemistry,science,,,,,,,,,,,,,,
healthcare,politics,,,,,,,,,,,,,,
crime,politics,,,,,,,,,,,,,,
snot,poop,,,,,,,,,,,,,,
poop,dirt,,,,,,,,,"semisolid, -",,,,,
sludge,mud,,,,,,,,,,,,,,
Play-Doh,dirt,,,,,,,,,,,,,,
jello,dirt,,,,,,,,,food,,,,,
pudding,jello,,,,,,,,,liquid,,,,,
applesauce,jello,,,,,,,,,,,,,,
peanut butter,jello,,,,,,,,,,,,,,
porridge,jello,,,,,,,,,,,,,,
mashed potato,jello,,,,,,,TRUE,,,,,pl: mashed potatoes,number:sg,
rice,dirt,,,,,,,,,food,,,,,
salad,rice,,,,,,,,,,,,,,
granola,rice,,,,,,,,,,,,,,
butter,jello,,,,,,,,,,,,,,
cheese,,0,0,,5,,0,FALSE,0,"food, solid",,,,,
marmalade,jello,,,,,,,,,,,,,,
Vegemite,jello,,,,,,,,,,,,,,
Nutella,jello,,,,,,,,,,,,,,
marble,ball,,,,,,,,3,,,,,,
snowball,ball,,,,,,,,,,,,,,
chocolate,cheese,,,,,,,,,,,,,,
sugar,sand,,,,,,,,,food,,,,,
salt,sugar,,,,,,,,,,,,,,
snow,dirt,,,,,,,,,"obstacle, grounded",,,,,
debris,garbage,,,,,,,,,,,,,,
hammer,,0,2,,9,tags: person,0,TRUE,4,instrument,,,,,
shovel,hammer,,,,,,,,5,,,,,,
farming implement,hammer,,,,,,,,"4,5",,,,,,
chainsaw,hammer,,,,,,,,5,machine,,,,,
screwdriver,hammer,,,,,,,,,,,,,,
stethoscope,hammer,,,,,,,,,,,,,,
trumpet,hammer,,,,,,,,,musicalInstrument,,,,,
banjo,trumpet,,,,,,,,,,,,,,
guitar,trumpet,,,,,,,,,,,,,,
piano,trumpet,,,,,,,,"6,7",table,,,,,
flute,trumpet,,,,,,,,,,,,,,
drum,trumpet,,,,,,,,,,,,,,
synthesizer,trumpet,,,,,,,,,,,,,,
song,,0,0,,6,tags: person,0,TRUE,0,song,,,,,
music,song,,,,3,,,FALSE,,,((rock|elevator|country|electronic|classical|baroque)),,,,
melody,song,,,,1,,,,,,,,,,
tune,song,,,,0,,,,,,,,,,
ballad,song,,,,,,,,,,,,,,
sonata,song,,,,,,,,,,,,,,
jig,song,,,,,,,,,,,,,,
anthem,song,,,,,,,,,,,,,,
blue,song,,,,0,,1,,,,,,,number:sg,
jazz,music,,,,0,,,,,,--,,,,
dubstep,jazz,,,,0,,,,,,,,,,
rock'n'roll,jazz,,,,0,,,,,,,,,,
klezmer,jazz,,,,0,,,,,,,,,,
hip hop,jazz,,,,0,,,,,,,,,,
K-pop,jazz,,,,0,,,,,,,,,,
Hey Jude,The Iliad,,,,,,,,,"song, -",,,,,
Moonlight Sonata,Hey Jude,,,,,,,,,,,,,,
Happy Birthday,Hey Jude,,,,,,,,,,,,,,
Hotel California,Hey Jude,,,,,,,,,,,,,,
Amazing Grace,Hey Jude,,,,,,,,,,,,,,
Beethoven's Fifth Symphony,Hey Jude,,,,,,,,,,,,,,
The Ride of the Valkyries,Hey Jude,,,,,,,,,,,,,,
Jingle Bells,Hey Jude,,,,,,,,,,,,,,
Silent Night,Hey Jude,,,,,,,,,,,,,,
Smith,Jack,,,,,,,,,"-, person, lastname",TITLE{unpack:noun.tags-gender},,,,
Chan,Smith,,,,,,,,,,,,,,
Johnson,Smith,,,,,,,,,,,,,,
Williams,Smith,,,,,,,,,,,,,,
Brown,Smith,,,,,,,,,,,,,,
Jones,Smith,,,,,,,,,,,,,,
Miller,Smith,,,,,,,,,,,,,,
Davis,Smith,,,,,,,,,,,,,,
Garcia,Smith,,,,,,,,,,,,,,
Rodriguez,Smith,,,,,,,,,,,,,,
Wilson,Smith,,,,,,,,,,,,,,
Martinez,Smith,,,,,,,,,,,,,,
Anderson,Smith,,,,,,,,,,,,,,
Taylor,Smith,,,,,,,,,,,,,,
Thomas,Smith,,,,,,,,,,,,,,
Moore,Smith,,,,,,,,,,,,,,
Martin,Smith,,,,,,,,,,,,,,
Jackson,Smith,,,,,,,,,,,,,,
Thompson,Smith,,,,,,,,,,,,,,
White,Smith,,,,,,,,,,,,,,
Lopez,Smith,,,,,,,,,,,,,,
Lee,Smith,,,,,,,,,,,,,,
Gonzalez,Smith,,,,,,,,,,,,,,
Harris,Smith,,,,,,,,,,,,,,
Clark,Smith,,,,,,,,,,,,,,
Lewis,Smith,,,,,,,,,,,,,,
Robinson,Smith,,,,,,,,,,,,,,
Walker,Smith,,,,,,,,,,,,,,
Chavez,Smith,,,,,,,,,,,,,,
McDonald,Smith,,,,,,,,,,,,,,
Washington,Smith,,,,,,,,,,,,,,
Simpson,Smith,,,,,,,,,,,,,,
Dixon,Smith,,,,,,,,,,,,,,
Schmidt,Smith,,,,,,,,,,,,,,
Spencer,Smith,,,,,,,,,,,,,,
Cunningham,Smith,,,,,,,,,,,,,,
Armstrong,Smith,,,,,,,,,,,,,,
McCoy,Smith,,,,,,,,,,,,,,
Chen,Smith,,,,,,,,,,,,,,
Chan,Smith,,,,,,,,,,,,,,
Li,Smith,,,,,,,,,,,,,,
Schultz,Smith,,,,,,,,,,,,,,
Walters,Smith,,,,,,,,,,,,,,
Walsh,Smith,,,,,,,,,,,,,,
Schneider,Smith,,,,,,,,,,,,,,
Newman,Smith,,,,,,,,,,,,,,
Wong,Smith,,,,,,,,,,,,,,
Hopkins,Smith,,,,,,,,,,,,,,
Stanley,Smith,,,,,,,,,,,,,,
Bates,Smith,,,,,,,,,,,,,,
Diaz,Smith,,,,,,,,,,,,,,
Watson,Smith,,,,,,,,,,,,,,
Bennett,Smith,,,,,,,,,,,,,,
Hughes,Smith,,,,,,,,,,,,,,
Myers,Smith,,,,,,,,,,,,,,
Foster,Smith,,,,,,,,,,,,,,
Sanders,Smith,,,,,,,,,,,,,,
Powell,Smith,,,,,,,,,,,,,,
Sullivan,Smith,,,,,,,,,,,,,,
Russell,Smith,,,,,,,,,,,,,,
Young,Smith,,,,,,,,,,,,,,
Allen,Smith,,,,,,,,,,,,,,
Wright,Smith,,,,,,,,,,,,,,
King,Smith,,,,,,,,,,,,,,
Scott,Smith,,,,,,,,,,,,,,
Green,Smith,,,,,,,,,,,,,,
Baker,Smith,,,,,,,,,,,,,,
Adams,Smith,,,,,,,,,,,,,,
Nelson,Smith,,,,,,,,,,,,,,
Campbell,Smith,,,,,,,,,,,,,,
Roberts,Smith,,,,,,,,,,,,,,
Carter,Smith,,,,,,,,,,,,,,
Phillips,Smith,,,,,,,,,,,,,,
Turner,Smith,,,,,,,,,,,,,,
Parker,Smith,,,,,,,,,,,,,,
Collins,Smith,,,,,,,,,,,,,,
Edwards,Smith,,,,,,,,,,,,,,
Stewart,Smith,,,,,,,,,,,,,,
Morris,Smith,,,,,,,,,,,,,,
Nguyen,Smith,,,,,,,,,,,,,,
Murphy,Smith,,,,,,,,,,,,,,
Cook,Smith,,,,,,,,,,,,,,
Rogers,Smith,,,,,,,,,,,,,,
Cooper,Smith,,,,,,,,,,,,,,
Moreau,Smith,,,,,,,,,,,,,,
Laurent,Smith,,,,,,,,,,,,,,
Dubois,Smith,,,,,,,,,,,,,,
Fontaine,Smith,,,,,,,,,,,,,,
Leroux,Smith,,,,,,,,,,,,,,
Azikewe,Smith,,,,,,,,,,,,,,
Obasanjo,Smith,,,,,,,,,,,,,,
Horowitz,Smith,,,,,,,,,,,,,,
Kaufman,Smith,,,,,,,,,,,,,,
Krakowski,Smith,,,,,,,,,,,,,,
Rosenberg,Smith,,,,,,,,,,,,,,
Hashimoto,Smith,,,,,,,,,,,,,,
Suzuki,Smith,,,,,,,,,,,,,,
Tanaka,Smith,,,,,,,,,,,,,,
Watanabe,Smith,,,,,,,,,,,,,,
Ito,Smith,,,,,,,,,,,,,,
Russo,Smith,,,,,,,,,,,,,,
Mancini,Smith,,,,,,,,,,,,,,
De Luca,Smith,,,,,,,,,,,,,,
Costa,Smith,,,,,,,,,,,,,,
Lombardi,Smith,,,,,,,,,,,,,,
Ivanov,Smith,,,,,,,,,,,,,,
Fedorov ,Smith,,,,,,,,,,,,,,
Saarinen,Smith,,,,,,,,,,,,,,
Makinen,Smith,,,,,,,,,,,,,,
Papadopoulos ,Smith,,,,,,,,,,,,,,
O'Brien,Smith,,,,,,,,,,,,,,
De Jong,Smith,,,,,,,,,,,,,,
Janssen,Smith,,,,,,,,,,,,,,
Van Dijk,Smith,,,,,,,,,,,,,,
Singh,Smith,,,,,,,,,,,,,,
Kapoor,Smith,,,,,,,,,,,,,,
Chander,Smith,,,,,,,,,,,,,,
Sidhu,Smith,,,,,,,,,,,,,,
Dhaliwal,Smith,,,,,,,,,,,,,,
arm,,0,2,,10,tags: person,0,TRUE,4,appendage,,,,,
shenanigan,,0,0,,7,"tags: person,organization",0,TRUE,0,behaviour,,,,"number:sg, def:indef, quant:true",
lifestyle,,0,0,,7,tags: person,0,TRUE,0,behaviour,,,,"def:indef,quantified:true",
item,,0,2,,5,,0,TRUE,"3,4,5,6",item,,,,,
thingamajig,item,,,,,,,,,,,,,,
doodad,item,,,,,,,,,,,,,,
gizmo,device,,,,,,,,,,,,,,
artifact,item,,,,,,,,,artifact,,,,,
relic,artifact,0,,,,,,,,,,,,,
souvenir,item,,,,,,,,,,,,,,
tree,,0,2,,2,,0,TRUE,"7,8","plant,volume",,,,,
bush,tree,,,,,,,,,,,,,,
shrub,bush,,,,,,,,,,,,,,
